epoch,time,train/box_loss,train/cls_loss,train/dfl_loss,metrics/precision(B),metrics/recall(B),metrics/mAP50(B),metrics/mAP50-95(B),val/box_loss,val/cls_loss,val/dfl_loss,lr/pg0,lr/pg1,lr/pg2
1,13.1323,1.7394,8.81548,2.31863,0.00415,0.54394,0.01606,0.00373,2.4663,4.00793,3.92647,0.0838,0.0018,0.0018
2,22.6732,2.41705,8.34326,3.02282,0,0,0,0,4.46186,946.236,51.2863,0.0666927,0.00369267,0.00369267
3,32.0457,2.79609,8.56641,3.24397,0,0,0,0,3.7778,inf,538.485,0.0495778,0.00557782,0.00557782
4,43.7856,2.56433,7.24961,3.25517,0,0,0,0,nan,nan,nan,0.0324554,0.00745545,0.00745545
5,54.7381,2.76638,6.88743,3.4461,0,0,0,0,nan,nan,nan,0.0153256,0.00932555,0.00932555
6,65.6955,3.04935,5.99445,3.45855,0,0,0,0,nan,nan,nan,0.009901,0.009901,0.009901
7,75.0891,2.69492,5.7482,3.4118,0,0,0,0,nan,nan,nan,0.0098812,0.0098812,0.0098812
8,84.3995,2.67383,5.4492,3.30403,0,0,0,0,nan,nan,nan,0.0098614,0.0098614,0.0098614
9,93.6726,2.73149,5.56308,3.35496,0.00018,0.19444,0.00022,8e-05,1.82499,inf,2005.54,0.0098416,0.0098416,0.0098416
10,102.911,2.50971,5.25476,3.2625,0.00022,0.16667,0.00023,0.00052,2.10948,inf,1589.63,0.0098218,0.0098218,0.0098218
11,112.207,2.40247,4.95084,3.1556,0.0007,0.18939,0.00047,0.00017,2.21779,inf,1001.91,0.009802,0.009802,0.009802
12,122.612,2.42185,4.83803,3.09903,0,0,0,0,5.66165,2876.56,98.8013,0.0097822,0.0097822,0.0097822
13,132.512,2.31721,4.74956,3.01308,0,0,0,0,6.21355,1595.61,43.4648,0.0097624,0.0097624,0.0097624
14,142.346,2.24374,4.6438,2.99792,0,0,0,0,6.20051,2412.98,80.9928,0.0097426,0.0097426,0.0097426
15,151.482,2.39964,4.89347,2.98771,0,0,0,0,4.76344,5.37362,14.9189,0.0097228,0.0097228,0.0097228
16,160.626,2.34692,4.25418,3.03708,0,0,0,0,4.76344,5.37362,14.9189,0.009703,0.009703,0.009703
17,169.841,2.29706,4.3617,2.96199,0.00027,0.19444,0.00034,0.0001,3.01964,5.19445,7.39628,0.0096832,0.0096832,0.0096832
18,179.119,2.16052,4.11714,2.91161,0.00049,0.21212,0.00045,0.00013,2.75122,4.53138,4.94099,0.0096634,0.0096634,0.0096634
19,188.232,2.01003,3.83059,2.68933,0.00293,0.64217,0.00781,0.00219,2.18327,4.11954,3.40647,0.0096436,0.0096436,0.0096436
20,197.653,2.25672,4.02309,2.89845,0.56137,0.07045,0.05398,0.01061,2.41463,7.17407,3.78894,0.0096238,0.0096238,0.0096238
21,206.96,2.10159,3.73386,2.72373,0.86268,0.025,0.04253,0.00869,1.85988,5.81362,2.9584,0.009604,0.009604,0.009604
22,216.718,2.02354,3.54216,2.70021,0.35939,0.16922,0.04772,0.01829,1.84729,9.72852,3.05828,0.0095842,0.0095842,0.0095842
23,226.884,2.2303,3.55377,2.81652,0.3701,0.22045,0.0972,0.02856,2.29778,9.56105,4.22888,0.0095644,0.0095644,0.0095644
24,237.265,2.06006,3.32124,2.75205,0.29364,0.24091,0.07792,0.02139,2.12696,7.15056,3.45347,0.0095446,0.0095446,0.0095446
25,248.425,2.11714,3.239,2.84262,0.04849,0.31641,0.05292,0.0155,1.98037,10.8534,3.10583,0.0095248,0.0095248,0.0095248
26,259.262,2.06413,3.14872,2.73359,0.18271,0.47525,0.20368,0.08063,1.90366,11.6472,3.06106,0.009505,0.009505,0.009505
27,269.47,2.10229,3.16606,2.79942,0.18271,0.47525,0.20368,0.08063,1.90366,11.6472,3.06106,0.0094852,0.0094852,0.0094852
28,278.993,2.11753,3.13094,2.7769,0.22152,0.43232,0.19213,0.09563,1.83119,6.85556,2.8319,0.0094654,0.0094654,0.0094654
29,288.492,2.08695,2.98624,2.68938,0.44643,0.22681,0.25735,0.09645,1.92413,6.54888,3.03793,0.0094456,0.0094456,0.0094456
30,298.064,2.04532,2.85538,2.7164,0.43642,0.2252,0.208,0.07305,1.9521,7.58968,3.08381,0.0094258,0.0094258,0.0094258
31,307.612,2.05408,2.82473,2.72422,0.0866,0.22727,0.12468,0.06636,1.9844,4.60631,2.92989,0.009406,0.009406,0.009406
32,317.242,1.94519,2.73095,2.52868,0.26134,0.02273,0.00812,0.00387,2.3747,5.68605,3.48411,0.0093862,0.0093862,0.0093862
33,326.873,2.04725,2.84641,2.67468,0.059,0.18636,0.05743,0.02658,1.99,6.09423,2.82618,0.0093664,0.0093664,0.0093664
34,336.334,2.04427,2.7874,2.67414,0.44672,0.27727,0.19967,0.09839,1.71885,4.76696,2.7087,0.0093466,0.0093466,0.0093466
35,345.952,2.03038,2.60141,2.72313,0.13652,0.44318,0.21653,0.07742,1.91503,4.44815,2.9674,0.0093268,0.0093268,0.0093268
36,355.477,2.0754,2.92933,2.67896,0.21919,0.31492,0.25303,0.12675,1.86058,2.75618,2.82307,0.009307,0.009307,0.009307
37,364.685,1.90061,2.56087,2.55369,0.21919,0.31492,0.25303,0.12675,1.86058,2.75618,2.82307,0.0092872,0.0092872,0.0092872
38,373.863,1.88373,2.7575,2.47677,0.26581,0.51984,0.3179,0.17382,1.70475,2.59437,2.65553,0.0092674,0.0092674,0.0092674
39,383.114,1.8508,2.69905,2.5696,0.29492,0.47891,0.30218,0.15666,1.56938,3.01672,2.49067,0.0092476,0.0092476,0.0092476
40,392.318,1.96255,2.57538,2.59104,0.249,0.45505,0.28536,0.14821,1.60746,2.7937,2.54056,0.0092278,0.0092278,0.0092278
41,401.622,1.91551,2.65459,2.57317,0.19069,0.52323,0.30427,0.15637,1.59723,2.78396,2.50002,0.009208,0.009208,0.009208
42,410.828,1.87481,2.57271,2.58551,0.18156,0.56949,0.34569,0.18384,1.49538,2.77142,2.40593,0.0091882,0.0091882,0.0091882
43,420.09,1.87707,2.49866,2.61436,0.2415,0.47045,0.38767,0.19045,1.73865,3.0052,2.52389,0.0091684,0.0091684,0.0091684
44,429.242,1.81862,2.41047,2.44139,0.78452,0.31712,0.39555,0.21949,1.62529,2.31621,2.48778,0.0091486,0.0091486,0.0091486
45,438.466,1.91954,2.51547,2.57286,0.28987,0.43066,0.40973,0.21691,1.54747,2.56061,2.42323,0.0091288,0.0091288,0.0091288
46,447.766,1.86075,2.55404,2.5192,0.25426,0.52862,0.30681,0.13416,1.72969,3.99864,2.60969,0.009109,0.009109,0.009109
47,457.01,1.95813,2.54292,2.57087,0.33788,0.68763,0.34421,0.1772,1.55514,3.18487,2.49152,0.0090892,0.0090892,0.0090892
48,466.226,1.78126,2.43066,2.45811,0.33788,0.68763,0.34421,0.1772,1.55514,3.18487,2.49152,0.0090694,0.0090694,0.0090694
49,475.453,1.75915,2.30999,2.46653,0.23931,0.55469,0.30484,0.17481,1.59876,2.21566,2.51452,0.0090496,0.0090496,0.0090496
50,484.724,1.77105,2.33214,2.46454,0.22294,0.58081,0.30805,0.13855,1.7803,2.28549,2.68515,0.0090298,0.0090298,0.0090298
51,493.927,1.88081,2.37462,2.5521,0.15456,0.49217,0.25649,0.12839,1.72606,2.53203,2.59144,0.00901,0.00901,0.00901
52,503.12,1.81051,2.40384,2.48826,0.23066,0.65253,0.35101,0.17771,1.75761,2.64212,2.58258,0.0089902,0.0089902,0.0089902
53,512.357,1.88904,2.38676,2.59561,0.33295,0.32475,0.28394,0.15229,1.76487,2.6586,2.57829,0.0089704,0.0089704,0.0089704
54,521.7,1.91551,2.48005,2.46539,0.32544,0.3298,0.30092,0.19012,1.50539,2.40204,2.39654,0.0089506,0.0089506,0.0089506
55,530.947,1.98362,2.50246,2.54457,0.41166,0.65898,0.4596,0.26997,1.37341,1.86342,2.2506,0.0089308,0.0089308,0.0089308
56,540.178,2.0037,2.4617,2.50136,0.28269,0.60758,0.3402,0.16434,1.61985,2.14895,2.47416,0.008911,0.008911,0.008911
57,549.266,2.04462,2.48976,2.61349,0.07556,0.36421,0.09151,0.03596,2.00253,2.96572,2.85961,0.0088912,0.0088912,0.0088912
58,558.493,1.94167,2.28154,2.68659,0.07556,0.36421,0.09151,0.03596,2.00253,2.96572,2.85961,0.0088714,0.0088714,0.0088714
59,567.662,1.84526,2.29601,2.60315,0.15199,0.40896,0.24169,0.11232,1.61318,2.50868,2.51714,0.0088516,0.0088516,0.0088516
60,576.961,1.89902,2.35987,2.56872,0.23747,0.72545,0.43193,0.25293,1.54913,2.02759,2.45972,0.0088318,0.0088318,0.0088318
61,586.321,1.83964,2.21671,2.46393,0.25926,0.57652,0.40482,0.20424,1.79468,2.10673,2.61908,0.008812,0.008812,0.008812
62,595.551,1.89041,2.39829,2.49046,0.02993,0.12778,0.03532,0.01551,2.21133,4.84038,3.12098,0.0087922,0.0087922,0.0087922
63,604.75,1.94712,2.35876,2.53692,0.39846,0.13056,0.10498,0.04941,2.19052,4.33317,3.02848,0.0087724,0.0087724,0.0087724
64,613.846,1.82724,2.3632,2.45516,0.42143,0.36162,0.38313,0.22526,1.56038,2.30985,2.42913,0.0087526,0.0087526,0.0087526
65,623.105,1.68429,2.13534,2.33991,0.30957,0.43665,0.51981,0.3022,1.40754,2.38688,2.31124,0.0087328,0.0087328,0.0087328
66,632.398,1.86673,2.23014,2.49362,0.18211,0.4413,0.21787,0.11745,1.56363,2.82835,2.44766,0.008713,0.008713,0.008713
67,641.835,1.73108,2.23283,2.40473,0.0125,0.09978,0.01654,0.00433,1.99076,4.34566,2.78906,0.0086932,0.0086932,0.0086932
68,651.317,1.55313,2.09264,2.25949,0.08627,0.23788,0.11826,0.05275,1.70635,3.32944,2.53068,0.0086734,0.0086734,0.0086734
69,660.691,1.63204,2.14768,2.41182,0.08627,0.23788,0.11826,0.05275,1.70635,3.32944,2.53068,0.0086536,0.0086536,0.0086536
70,670.011,1.62638,2.16724,2.30287,0.39091,0.60042,0.44815,0.25305,1.42166,2.16848,2.27587,0.0086338,0.0086338,0.0086338
71,679.129,1.68056,2.19931,2.36269,0.39548,0.61162,0.50946,0.31275,1.27991,1.87915,2.15556,0.008614,0.008614,0.008614
72,688.235,1.6273,2.07865,2.2847,0.47762,0.52071,0.49491,0.33723,1.33972,1.80149,2.20648,0.0085942,0.0085942,0.0085942
73,697.516,1.76931,2.3236,2.3229,0.45689,0.58578,0.46815,0.29385,1.52932,1.91084,2.3163,0.0085744,0.0085744,0.0085744
74,706.664,1.64159,2.14277,2.28635,0.53277,0.64214,0.51466,0.34598,1.35509,1.79731,2.17363,0.0085546,0.0085546,0.0085546
75,716.044,1.65102,2.14465,2.27562,0.4773,0.68571,0.52948,0.34313,1.30596,1.92059,2.16793,0.0085348,0.0085348,0.0085348
76,725.508,1.74757,2.11596,2.40934,0.55202,0.62791,0.5139,0.32311,1.31369,1.85136,2.17002,0.008515,0.008515,0.008515
77,734.705,1.66743,2.12568,2.32849,0.4392,0.5947,0.43765,0.27275,1.35401,1.75408,2.20109,0.0084952,0.0084952,0.0084952
78,743.887,1.63092,2.20984,2.22753,0.33709,0.48972,0.41583,0.26359,1.40717,1.79369,2.25621,0.0084754,0.0084754,0.0084754
79,753.108,1.73481,2.28028,2.38895,0.33709,0.48972,0.41583,0.26359,1.40717,1.79369,2.25621,0.0084556,0.0084556,0.0084556
80,762.437,1.58148,1.96316,2.30426,0.47656,0.65202,0.53044,0.34102,1.31548,1.69463,2.18536,0.0084358,0.0084358,0.0084358
81,771.757,1.5311,2.04059,2.24755,0.48724,0.7202,0.57164,0.35713,1.49375,1.8501,2.29498,0.008416,0.008416,0.008416
82,781.283,1.62063,2.09526,2.25758,0.46592,0.7202,0.58619,0.40008,1.42989,1.8395,2.19996,0.0083962,0.0083962,0.0083962
83,790.674,1.67184,2.14555,2.25097,0.42896,0.70253,0.57668,0.39189,1.26077,1.77463,2.03405,0.0083764,0.0083764,0.0083764
84,799.997,1.62085,2.15294,2.23222,0.40994,0.57477,0.50977,0.32465,1.24592,1.79878,2.0262,0.0083566,0.0083566,0.0083566
85,809.121,1.66389,2.08722,2.30112,0.31971,0.69489,0.52564,0.29469,1.28697,1.78712,2.05796,0.0083368,0.0083368,0.0083368
86,818.473,1.5991,2.01105,2.2576,0.3035,0.7654,0.50476,0.25737,1.392,1.75781,2.18684,0.008317,0.008317,0.008317
87,827.732,1.79414,2.25889,2.34462,0.38131,0.72079,0.55221,0.29752,1.36788,1.756,2.2121,0.0082972,0.0082972,0.0082972
88,837.043,1.64408,2.18216,2.30769,0.44918,0.58662,0.57315,0.37058,1.26724,1.72646,2.13762,0.0082774,0.0082774,0.0082774
89,846.364,1.64639,2.07469,2.30518,0.4128,0.71703,0.62606,0.415,1.25895,1.80947,2.11576,0.0082576,0.0082576,0.0082576
90,855.568,1.65853,1.96583,2.38007,0.4128,0.71703,0.62606,0.415,1.25895,1.80947,2.11576,0.0082378,0.0082378,0.0082378
91,865.009,1.64594,2.09053,2.34195,0.37576,0.70758,0.57027,0.35531,1.33997,1.91335,2.18256,0.008218,0.008218,0.008218
92,874.521,1.57069,2.01467,2.25363,0.29474,0.67676,0.51684,0.31781,1.38239,1.96074,2.21484,0.0081982,0.0081982,0.0081982
93,883.744,1.62134,2.04048,2.3336,0.34345,0.63207,0.51901,0.30805,1.41204,1.86134,2.26721,0.0081784,0.0081784,0.0081784
94,893.006,1.69259,2.09594,2.31307,0.33207,0.66298,0.55737,0.32703,1.3564,1.76149,2.17859,0.0081586,0.0081586,0.0081586
95,902.392,1.5463,2.1147,2.17087,0.45503,0.64089,0.57905,0.36921,1.24518,1.68124,2.0711,0.0081388,0.0081388,0.0081388
96,911.769,1.56784,2.06989,2.19728,0.51874,0.61041,0.62977,0.42879,1.16311,1.54669,1.97901,0.008119,0.008119,0.008119
97,921.042,1.51576,1.9339,2.23876,0.6864,0.46843,0.61008,0.39389,1.17456,1.52087,2.01117,0.0080992,0.0080992,0.0080992
98,930.283,1.55951,2.11734,2.17716,0.65368,0.49286,0.61799,0.40111,1.18031,1.52396,2.04524,0.0080794,0.0080794,0.0080794
99,939.514,1.56884,1.95354,2.19546,0.65294,0.61162,0.71519,0.44503,1.15976,1.47962,1.99465,0.0080596,0.0080596,0.0080596
100,948.74,1.57897,2.01871,2.24523,0.65294,0.61162,0.71519,0.44503,1.15976,1.47962,1.99465,0.0080398,0.0080398,0.0080398
101,958.1,1.5638,1.87465,2.23295,0.5686,0.58352,0.64442,0.39947,1.1748,1.59952,2.0029,0.00802,0.00802,0.00802
102,967.425,1.50651,2.0031,2.25229,0.44216,0.57461,0.58325,0.38897,1.17884,1.72361,1.99909,0.0080002,0.0080002,0.0080002
103,976.64,1.57376,1.89088,2.24465,0.40803,0.58889,0.67673,0.43483,1.17255,1.62557,1.96509,0.0079804,0.0079804,0.0079804
104,985.82,1.50653,1.97103,2.1621,0.62857,0.44253,0.64321,0.45511,1.12885,1.5311,1.94647,0.0079606,0.0079606,0.0079606
105,995.051,1.64001,1.96949,2.22726,0.50544,0.42884,0.53511,0.34407,1.41866,1.84389,2.1973,0.0079408,0.0079408,0.0079408
106,1004.21,1.61963,1.87441,2.22696,0.52399,0.60707,0.61574,0.42032,1.19581,1.60034,1.99332,0.007921,0.007921,0.007921
107,1013.46,1.58665,1.89236,2.10656,0.50966,0.61162,0.70132,0.47312,1.11687,1.46349,1.92288,0.0079012,0.0079012,0.0079012
108,1022.77,1.51751,1.85928,2.13052,0.43235,0.63889,0.66236,0.42721,1.2287,1.76513,2.01503,0.0078814,0.0078814,0.0078814
109,1031.99,1.52819,1.88854,2.21073,0.29417,0.74693,0.5124,0.2784,1.45416,2.29658,2.21561,0.0078616,0.0078616,0.0078616
110,1041.23,1.48047,1.78416,2.22519,0.45706,0.40843,0.56047,0.27726,1.58941,2.14208,2.29275,0.0078418,0.0078418,0.0078418
111,1050.3,1.52616,1.83277,2.21818,0.45706,0.40843,0.56047,0.27726,1.58941,2.14208,2.29275,0.007822,0.007822,0.007822
112,1059.55,1.50776,1.80538,2.12952,0.54843,0.69111,0.61881,0.37455,1.32501,1.72534,2.07161,0.0078022,0.0078022,0.0078022
113,1068.92,1.47457,1.86117,2.05783,0.49834,0.74424,0.66188,0.44234,1.19579,1.5562,2.0018,0.0077824,0.0077824,0.0077824
114,1078.02,1.48018,1.91491,2.11135,0.76528,0.52664,0.69369,0.50471,1.13662,1.40157,1.96576,0.0077626,0.0077626,0.0077626
115,1087.24,1.51642,1.88517,2.06649,0.5871,0.71009,0.75448,0.5406,1.10041,1.3285,1.9449,0.0077428,0.0077428,0.0077428
116,1096.44,1.51626,1.85536,2.15997,0.80993,0.52777,0.72897,0.53731,1.07485,1.35528,1.94717,0.007723,0.007723,0.007723
117,1105.71,1.43407,1.80732,2.10458,0.77667,0.50506,0.71045,0.52953,1.12194,1.46672,1.98813,0.0077032,0.0077032,0.0077032
118,1114.98,1.53221,1.91856,2.16909,0.73716,0.47133,0.67547,0.44358,1.29831,1.5215,2.07181,0.0076834,0.0076834,0.0076834
119,1124.16,1.42515,1.73759,2.09725,0.61801,0.41703,0.60735,0.32798,1.59863,1.70362,2.40022,0.0076636,0.0076636,0.0076636
120,1133.39,1.49584,1.7624,2.16943,0.58439,0.54458,0.6699,0.40105,1.3729,1.46997,2.15453,0.0076438,0.0076438,0.0076438
121,1142.63,1.45606,1.81148,2.07976,0.58439,0.54458,0.6699,0.40105,1.3729,1.46997,2.15453,0.007624,0.007624,0.007624
122,1151.87,1.41159,1.79166,2.12377,0.65366,0.49317,0.68004,0.43851,1.26336,1.44781,2.08579,0.0076042,0.0076042,0.0076042
123,1161.13,1.49844,1.82228,2.12113,0.63423,0.65059,0.72865,0.4991,1.12263,1.35309,1.94479,0.0075844,0.0075844,0.0075844
124,1170.45,1.45931,1.70651,2.10353,0.83947,0.49051,0.71926,0.47058,1.27855,1.44836,2.0744,0.0075646,0.0075646,0.0075646
125,1179.72,1.42157,1.71173,2.0498,0.82487,0.53393,0.70248,0.44797,1.23325,1.50112,2.02613,0.0075448,0.0075448,0.0075448
126,1188.86,1.39269,1.67684,2.0951,0.75595,0.52071,0.70114,0.45302,1.2307,1.5855,2.00197,0.007525,0.007525,0.007525
127,1198.28,1.36746,1.61825,1.97869,0.58123,0.65903,0.70418,0.49043,1.07524,1.62047,1.82659,0.0075052,0.0075052,0.0075052
128,1207.51,1.49339,1.76971,2.11178,0.84239,0.54599,0.73368,0.513,1.00325,1.37364,1.80315,0.0074854,0.0074854,0.0074854
129,1216.74,1.34578,1.65262,1.99706,0.49464,0.68043,0.71374,0.50503,1.08316,1.35083,1.87949,0.0074656,0.0074656,0.0074656
130,1226.04,1.39648,1.70604,2.03885,0.50429,0.81131,0.73497,0.54794,1.04668,1.33884,1.7966,0.0074458,0.0074458,0.0074458
131,1235.3,1.4885,1.88588,2.07966,0.75423,0.51843,0.70931,0.53436,1.05265,1.39807,1.79368,0.007426,0.007426,0.007426
132,1244.58,1.3116,1.62397,1.95209,0.75423,0.51843,0.70931,0.53436,1.05265,1.39807,1.79368,0.0074062,0.0074062,0.0074062
133,1253.79,1.41154,1.85316,2.01629,0.76391,0.54116,0.70982,0.5157,1.11048,1.45504,1.84914,0.0073864,0.0073864,0.0073864
134,1263.09,1.33578,1.6443,1.97073,0.5032,0.81843,0.71686,0.51649,1.10967,1.29286,1.8343,0.0073666,0.0073666,0.0073666
135,1272.31,1.31283,1.55939,1.99334,0.42344,0.77464,0.69484,0.50895,1.10458,1.44441,1.83905,0.0073468,0.0073468,0.0073468
136,1281.56,1.3724,1.60017,2.01268,0.42249,0.77233,0.73003,0.53415,1.03745,1.43248,1.7646,0.007327,0.007327,0.007327
137,1290.86,1.35491,1.67781,1.99197,0.49442,0.82626,0.73289,0.55261,0.98663,1.25407,1.74792,0.0073072,0.0073072,0.0073072
138,1300.07,1.42744,1.74216,2.07154,0.61089,0.74855,0.75352,0.55939,0.98683,1.1993,1.74846,0.0072874,0.0072874,0.0072874
139,1309.45,1.38188,1.60355,2.04339,0.51826,0.82117,0.73853,0.53206,1.13431,1.24722,1.85953,0.0072676,0.0072676,0.0072676
140,1318.75,1.33327,1.61693,1.97996,0.6995,0.63568,0.77307,0.5468,1.09727,1.2494,1.835,0.0072478,0.0072478,0.0072478
141,1328.04,1.35474,1.55082,1.94832,0.60872,0.70106,0.77109,0.54586,1.07086,1.23637,1.80738,0.007228,0.007228,0.007228
142,1337.38,1.33023,1.52432,1.97895,0.60872,0.70106,0.77109,0.54586,1.07086,1.23637,1.80738,0.0072082,0.0072082,0.0072082
143,1346.69,1.32868,1.50037,1.94187,0.57804,0.75228,0.7896,0.53367,1.15864,1.31215,1.89477,0.0071884,0.0071884,0.0071884
144,1355.98,1.50046,1.72637,2.1437,0.78023,0.6652,0.81424,0.58059,1.06311,1.37931,1.84565,0.0071686,0.0071686,0.0071686
145,1365.25,1.27578,1.53252,1.97001,0.63277,0.72838,0.80222,0.56323,1.03849,1.41555,1.82242,0.0071488,0.0071488,0.0071488
146,1374.38,1.35188,1.5253,1.95291,0.66998,0.72743,0.82438,0.5807,1.07847,1.22185,1.8727,0.007129,0.007129,0.007129
147,1383.67,1.43556,1.54064,2.04144,0.81882,0.70253,0.85109,0.62355,1.06224,1.16431,1.84641,0.0071092,0.0071092,0.0071092
148,1392.86,1.32218,1.57579,1.95711,0.56903,0.74595,0.74205,0.49951,1.1948,1.4419,1.94161,0.0070894,0.0070894,0.0070894
149,1402.06,1.38955,1.54194,2.06038,0.6556,0.7554,0.79082,0.57901,1.05405,1.31709,1.84641,0.0070696,0.0070696,0.0070696
150,1411.34,1.38123,1.52237,1.96474,0.753,0.68701,0.83094,0.61645,1.01147,1.26647,1.79699,0.0070498,0.0070498,0.0070498
151,1420.61,1.35269,1.54928,1.94788,0.62808,0.81307,0.84243,0.62941,1.01128,1.22566,1.79422,0.00703,0.00703,0.00703
152,1429.97,1.28088,1.50323,1.88207,0.75367,0.6351,0.87383,0.67208,1.01052,1.22542,1.77285,0.0070102,0.0070102,0.0070102
153,1439.13,1.23929,1.36597,1.86708,0.75367,0.6351,0.87383,0.67208,1.01052,1.22542,1.77285,0.0069904,0.0069904,0.0069904
154,1448.48,1.44066,1.58972,2.00739,0.86403,0.65939,0.86382,0.61802,1.06314,1.16451,1.82577,0.0069706,0.0069706,0.0069706
155,1457.66,1.4252,1.54296,1.98147,0.67779,0.79793,0.85193,0.62063,1.00007,1.15023,1.77231,0.0069508,0.0069508,0.0069508
156,1466.92,1.28808,1.44304,1.92484,0.57616,0.70253,0.74697,0.57161,1.05677,1.33153,1.84212,0.006931,0.006931,0.006931
157,1476.19,1.24782,1.40739,1.90243,0.63819,0.56154,0.52194,0.27877,1.67066,2.08005,2.39329,0.0069112,0.0069112,0.0069112
158,1485.55,1.33585,1.5718,1.95682,0.64187,0.67753,0.63563,0.38981,1.34843,1.72012,2.07517,0.0068914,0.0068914,0.0068914
159,1494.82,1.49809,1.67133,2.10484,0.62105,0.74741,0.80316,0.55808,1.0852,1.35628,1.84922,0.0068716,0.0068716,0.0068716
160,1504.07,1.46503,1.616,2.07379,0.77451,0.54864,0.76558,0.52005,1.12496,1.40919,1.87798,0.0068518,0.0068518,0.0068518
161,1513.46,1.34623,1.48853,1.95096,0.83016,0.55061,0.70124,0.48311,1.22132,1.57449,1.97871,0.006832,0.006832,0.006832
162,1522.72,1.23083,1.4348,1.89333,0.87444,0.54293,0.75723,0.55196,1.08422,1.43733,1.84852,0.0068122,0.0068122,0.0068122
163,1531.9,1.36399,1.50731,1.9804,0.87444,0.54293,0.75723,0.55196,1.08422,1.43733,1.84852,0.0067924,0.0067924,0.0067924
164,1541.16,1.27084,1.44916,1.93199,0.94902,0.56375,0.84618,0.61848,1.01038,1.21259,1.79051,0.0067726,0.0067726,0.0067726
165,1550.48,1.32308,1.48313,1.91036,0.71942,0.68539,0.85472,0.61973,0.97352,1.13961,1.7253,0.0067528,0.0067528,0.0067528
166,1559.75,1.29514,1.42175,1.81094,0.77944,0.63133,0.85752,0.60603,1.01576,1.11971,1.75574,0.006733,0.006733,0.006733
167,1568.99,1.35274,1.45228,1.95457,0.70554,0.75863,0.9075,0.67723,0.94873,1.04785,1.69343,0.0067132,0.0067132,0.0067132
168,1578.18,1.32318,1.4759,1.98788,0.77666,0.63432,0.89171,0.68301,0.94633,1.03928,1.69659,0.0066934,0.0066934,0.0066934
169,1587.47,1.29763,1.39813,1.9569,0.6166,0.8635,0.87157,0.67783,0.95164,1.02684,1.71006,0.0066736,0.0066736,0.0066736
170,1596.68,1.20705,1.34289,1.77154,0.74409,0.79848,0.85066,0.66044,0.97716,1.06998,1.74785,0.0066538,0.0066538,0.0066538
171,1605.92,1.2133,1.26882,1.79807,0.94029,0.35253,0.4883,0.21724,1.87396,2.41262,2.78447,0.006634,0.006634,0.006634
172,1615.28,1.20828,1.41528,1.79775,0.69562,0.40682,0.57241,0.32221,1.58468,1.93291,2.41793,0.0066142,0.0066142,0.0066142
173,1624.62,1.2677,1.39017,1.76185,0.79767,0.74798,0.84832,0.65351,0.989,1.02111,1.74223,0.0065944,0.0065944,0.0065944
174,1633.78,1.23379,1.27885,1.85136,0.79767,0.74798,0.84832,0.65351,0.989,1.02111,1.74223,0.0065746,0.0065746,0.0065746
175,1643.17,1.26348,1.38365,1.91461,0.71255,0.87811,0.9094,0.70982,0.92464,0.97966,1.6806,0.0065548,0.0065548,0.0065548
176,1652.28,1.28822,1.37723,1.96115,0.60114,0.81351,0.87281,0.6669,0.99741,1.16557,1.7564,0.006535,0.006535,0.006535
177,1661.51,1.18791,1.25949,1.77539,0.57706,0.88999,0.85664,0.64097,0.99256,1.21676,1.75626,0.0065152,0.0065152,0.0065152
178,1670.71,1.30316,1.329,1.88607,0.59863,0.91612,0.84649,0.60566,1.06765,1.1878,1.76219,0.0064954,0.0064954,0.0064954
179,1679.99,1.22015,1.35258,1.91644,0.7451,0.84082,0.88379,0.67172,0.96034,0.95241,1.68718,0.0064756,0.0064756,0.0064756
180,1689.31,1.25497,1.36345,1.88779,0.78559,0.82192,0.88672,0.71184,0.88281,0.93649,1.65456,0.0064558,0.0064558,0.0064558
181,1698.43,1.19448,1.32088,1.78899,0.82454,0.79273,0.9049,0.73048,0.87082,0.92336,1.63089,0.006436,0.006436,0.006436
182,1707.69,1.30607,1.38196,1.94161,0.71474,0.82626,0.90333,0.69834,0.9102,0.92703,1.65163,0.0064162,0.0064162,0.0064162
183,1716.96,1.32277,1.49583,1.89879,0.80422,0.84835,0.9104,0.65824,0.98204,1.00273,1.69042,0.0063964,0.0063964,0.0063964
184,1726.13,1.14336,1.30144,1.78121,0.80422,0.84835,0.9104,0.65824,0.98204,1.00273,1.69042,0.0063766,0.0063766,0.0063766
185,1735.38,1.2557,1.33425,1.85029,0.69666,0.69578,0.82922,0.60514,1.06536,1.19415,1.77157,0.0063568,0.0063568,0.0063568
186,1744.71,1.30641,1.5604,1.89238,0.62465,0.73258,0.79322,0.58599,1.00473,1.36743,1.71121,0.006337,0.006337,0.006337
187,1754.11,1.11934,1.41249,1.70367,0.54584,0.76993,0.81845,0.6131,0.93386,1.26015,1.64134,0.0063172,0.0063172,0.0063172
188,1763.31,1.16125,1.28045,1.7475,0.74893,0.78527,0.89376,0.6947,0.89241,0.94659,1.66158,0.0062974,0.0062974,0.0062974
189,1772.61,1.18395,1.22696,1.80092,0.78748,0.77576,0.87904,0.67599,0.92526,1.01952,1.71038,0.0062776,0.0062776,0.0062776
190,1781.98,1.31207,1.33942,1.94804,0.61189,0.68737,0.71678,0.5335,1.14546,1.70724,1.86935,0.0062578,0.0062578,0.0062578
191,1791.21,1.27887,1.26097,1.87889,0.64573,0.79635,0.7818,0.60016,0.97235,1.35419,1.73351,0.006238,0.006238,0.006238
192,1800.41,1.36444,1.32787,1.98383,0.74708,0.8897,0.91519,0.70468,0.92515,0.9143,1.6611,0.0062182,0.0062182,0.0062182
193,1809.71,1.20686,1.16149,1.86556,0.93455,0.84299,0.93761,0.73868,0.91359,0.85315,1.6278,0.0061984,0.0061984,0.0061984
194,1819.03,1.20771,1.20698,1.83493,0.69334,0.93253,0.92155,0.70509,0.95967,1.05164,1.66091,0.0061786,0.0061786,0.0061786
195,1828.34,1.30527,1.31833,1.89649,0.69334,0.93253,0.92155,0.70509,0.95967,1.05164,1.66091,0.0061588,0.0061588,0.0061588
196,1837.48,1.28353,1.30949,1.94658,0.62943,0.83289,0.90176,0.69406,0.97987,1.16152,1.66978,0.006139,0.006139,0.006139
197,1846.66,1.27981,1.19643,1.82031,0.68841,0.86087,0.92525,0.70078,0.96886,1.11873,1.67295,0.0061192,0.0061192,0.0061192
198,1855.91,1.34255,1.32126,1.94104,0.94688,0.76865,0.95314,0.70461,0.94538,0.95954,1.65367,0.0060994,0.0060994,0.0060994
199,1865.28,1.12474,1.14012,1.70154,0.93108,0.85347,0.93794,0.69751,0.93994,0.89196,1.67638,0.0060796,0.0060796,0.0060796
200,1874.6,1.24783,1.33025,1.83266,0.93337,0.79339,0.92896,0.71448,0.92992,0.85636,1.67953,0.0060598,0.0060598,0.0060598
201,1883.72,1.09454,1.14778,1.71507,0.93816,0.73578,0.93661,0.71587,0.93758,0.90052,1.69172,0.00604,0.00604,0.00604
202,1892.93,1.19979,1.23976,1.77415,0.85646,0.86963,0.92155,0.73497,0.883,0.86384,1.62688,0.0060202,0.0060202,0.0060202
203,1902.22,1.04364,1.0595,1.63115,0.89544,0.85234,0.91776,0.73597,0.85131,0.82156,1.59572,0.0060004,0.0060004,0.0060004
204,1911.7,1.14106,1.15982,1.79257,0.82647,0.8787,0.91941,0.69333,0.97578,0.98242,1.69488,0.0059806,0.0059806,0.0059806
205,1920.98,1.11819,1.17167,1.74283,0.82647,0.8787,0.91941,0.69333,0.97578,0.98242,1.69488,0.0059608,0.0059608,0.0059608
206,1930.36,1.11801,1.13,1.70352,0.8838,0.78042,0.91647,0.68898,1.00236,1.07991,1.72964,0.005941,0.005941,0.005941
207,1939.7,1.21481,1.17414,1.83725,0.93337,0.80249,0.94701,0.74968,0.91337,0.91091,1.62778,0.0059212,0.0059212,0.0059212
208,1948.85,1.1515,1.09034,1.7919,0.93124,0.86131,0.94923,0.74291,0.86184,0.84614,1.57491,0.0059014,0.0059014,0.0059014
209,1958.02,1.11083,1.13089,1.72659,0.90372,0.8564,0.94265,0.72544,0.92969,0.8357,1.63829,0.0058816,0.0058816,0.0058816
210,1967.44,1.29133,1.32683,1.914,0.86402,0.8874,0.9353,0.71574,0.94855,0.82902,1.66295,0.0058618,0.0058618,0.0058618
211,1976.65,1.12074,1.35082,1.7617,0.84272,0.84257,0.93279,0.71487,0.97253,0.90031,1.68021,0.005842,0.005842,0.005842
212,1985.87,1.23824,1.23319,1.82005,0.88794,0.84337,0.92426,0.7072,0.9535,0.89066,1.69509,0.0058222,0.0058222,0.0058222
213,1995.03,1.17729,1.16344,1.78095,0.8639,0.81442,0.92899,0.71358,0.97227,0.97343,1.70667,0.0058024,0.0058024,0.0058024
214,2004.26,1.26741,1.20181,1.90112,0.95811,0.79244,0.92638,0.72551,0.88006,0.89187,1.6135,0.0057826,0.0057826,0.0057826
215,2013.56,1.15822,1.23513,1.70969,0.88719,0.81335,0.91052,0.70838,0.87263,0.91908,1.59302,0.0057628,0.0057628,0.0057628
216,2022.86,1.17685,1.26513,1.79922,0.88719,0.81335,0.91052,0.70838,0.87263,0.91908,1.59302,0.005743,0.005743,0.005743
217,2032.17,1.15508,1.17652,1.75612,0.90012,0.85995,0.91284,0.72138,0.87891,0.85894,1.59643,0.0057232,0.0057232,0.0057232
218,2041.55,1.15913,1.25145,1.70531,0.92622,0.84946,0.93492,0.72633,0.86517,0.82841,1.58935,0.0057034,0.0057034,0.0057034
219,2050.74,1.2156,1.30458,1.80793,0.9561,0.85594,0.92575,0.7086,0.92232,0.84997,1.64609,0.0056836,0.0056836,0.0056836
220,2059.92,1.1654,1.20734,1.72356,0.92877,0.84177,0.92311,0.70949,0.94001,0.88539,1.67134,0.0056638,0.0056638,0.0056638
221,2069.13,1.10933,1.12512,1.72398,0.82683,0.85747,0.95339,0.75991,0.84969,0.79015,1.58887,0.005644,0.005644,0.005644
222,2078.44,1.11556,1.14598,1.68962,0.88947,0.89213,0.94978,0.74484,0.86353,0.84093,1.58263,0.0056242,0.0056242,0.0056242
223,2087.81,1.24113,1.30436,1.81937,0.86937,0.94444,0.96503,0.74076,0.88324,0.81738,1.59454,0.0056044,0.0056044,0.0056044
224,2097.12,1.2075,1.19509,1.73994,0.91153,0.91117,0.95872,0.72394,0.93898,0.88243,1.66773,0.0055846,0.0055846,0.0055846
225,2106.41,1.0936,1.18175,1.70746,0.77825,0.95455,0.94033,0.67116,1.05801,0.91643,1.76852,0.0055648,0.0055648,0.0055648
226,2115.81,1.18749,1.25022,1.79131,0.77825,0.95455,0.94033,0.67116,1.05801,0.91643,1.76852,0.005545,0.005545,0.005545
227,2125.11,1.19659,1.19886,1.78895,0.92198,0.88633,0.97943,0.71011,1.02002,0.82904,1.7125,0.0055252,0.0055252,0.0055252
228,2134.34,1.21676,1.15688,1.75579,0.93206,0.97583,0.99273,0.77557,0.86468,0.75376,1.54395,0.0055054,0.0055054,0.0055054
229,2143.59,1.14581,1.12171,1.66612,0.87687,0.94984,0.98745,0.77633,0.85476,0.79213,1.52649,0.0054856,0.0054856,0.0054856
230,2153.01,1.22544,1.28725,1.88103,0.96016,0.83426,0.97758,0.76093,0.82615,0.86521,1.51515,0.0054658,0.0054658,0.0054658
231,2162.12,1.22034,1.3012,1.83013,0.83825,0.89523,0.94279,0.72397,0.84484,0.96675,1.54516,0.005446,0.005446,0.005446
232,2171.29,1.04581,1.06096,1.61153,0.77587,0.94518,0.92856,0.70449,0.8965,0.96432,1.60627,0.0054262,0.0054262,0.0054262
233,2180.63,1.17021,1.15262,1.7962,0.80687,0.80014,0.90665,0.65888,1.09688,1.10099,1.77115,0.0054064,0.0054064,0.0054064
234,2189.74,1.17135,1.23762,1.75904,0.90822,0.88549,0.96917,0.74372,0.89738,0.79353,1.61116,0.0053866,0.0053866,0.0053866
235,2198.95,1.11591,1.10473,1.77421,0.94585,0.96257,0.99,0.78067,0.87775,0.7108,1.57692,0.0053668,0.0053668,0.0053668
236,2208.12,1.22038,1.1906,1.80226,0.88221,0.92755,0.9697,0.76643,0.85771,0.79161,1.57576,0.005347,0.005347,0.005347
237,2217.43,1.20002,1.19298,1.73377,0.88221,0.92755,0.9697,0.76643,0.85771,0.79161,1.57576,0.0053272,0.0053272,0.0053272
238,2226.7,1.16807,1.20101,1.73761,0.81939,0.92247,0.95135,0.73513,0.87443,0.8729,1.60148,0.0053074,0.0053074,0.0053074
239,2235.87,1.13048,1.11824,1.73215,0.90185,0.86211,0.94863,0.72686,0.93112,0.91263,1.63469,0.0052876,0.0052876,0.0052876
240,2245.01,1.25173,1.21358,1.88234,0.87441,0.93634,0.97087,0.7583,0.87534,0.86239,1.58588,0.0052678,0.0052678,0.0052678
241,2254.24,1.15463,1.16196,1.77889,0.86624,0.91948,0.97359,0.78273,0.8101,0.79194,1.55191,0.005248,0.005248,0.005248
242,2263.49,1.0976,1.08772,1.71548,0.90141,0.8826,0.96563,0.77169,0.7832,0.76201,1.54265,0.0052282,0.0052282,0.0052282
243,2272.79,1.24343,1.20581,1.7406,0.92663,0.89656,0.97583,0.78906,0.78495,0.71483,1.53299,0.0052084,0.0052084,0.0052084
244,2281.99,1.12398,1.13936,1.70014,0.87088,0.96636,0.9826,0.80774,0.76483,0.7202,1.5102,0.0051886,0.0051886,0.0051886
245,2291.3,1.09418,1.14941,1.69491,0.90881,0.92508,0.96811,0.78632,0.76518,0.74473,1.5065,0.0051688,0.0051688,0.0051688
246,2300.57,1.05557,1.16289,1.6908,0.9081,0.93524,0.96782,0.78679,0.76905,0.74914,1.50276,0.005149,0.005149,0.005149
247,2309.89,1.11012,1.17484,1.74124,0.9081,0.93524,0.96782,0.78679,0.76905,0.74914,1.50276,0.0051292,0.0051292,0.0051292
248,2319.21,1.18571,1.17034,1.79376,0.94791,0.9572,0.98466,0.78723,0.77983,0.74586,1.50584,0.0051094,0.0051094,0.0051094
249,2328.46,1.09217,1.01316,1.67925,0.94492,0.96684,0.97904,0.79528,0.80307,0.76541,1.51394,0.0050896,0.0050896,0.0050896
250,2337.74,1.17136,1.17316,1.72943,0.92311,0.87618,0.97036,0.75193,0.85044,0.79012,1.54256,0.0050698,0.0050698,0.0050698
251,2346.99,1.24013,1.17576,1.82952,0.88772,0.89229,0.95937,0.7411,0.88328,0.81019,1.55867,0.00505,0.00505,0.00505
252,2356.16,1.16826,1.11432,1.78577,0.89352,0.88604,0.94148,0.7258,0.89929,0.83378,1.56464,0.0050302,0.0050302,0.0050302
253,2365.37,1.13102,1.03309,1.65807,0.88986,0.89225,0.94459,0.74987,0.82448,0.74533,1.51773,0.0050104,0.0050104,0.0050104
254,2374.62,1.0993,1.05071,1.67319,0.9172,0.86186,0.93547,0.73676,0.85241,0.71238,1.56299,0.0049906,0.0049906,0.0049906
255,2384.01,1.08486,1.01591,1.64742,0.90976,0.75662,0.84632,0.62103,1.0913,1.13209,1.76974,0.0049708,0.0049708,0.0049708
256,2393.33,1.04882,0.9414,1.65516,0.86586,0.7194,0.83018,0.58301,1.19047,1.23079,1.84324,0.004951,0.004951,0.004951
257,2402.56,1.09892,1.02692,1.70726,0.90374,0.82546,0.9333,0.7314,0.97168,0.91457,1.67793,0.0049312,0.0049312,0.0049312
258,2411.99,1.16183,1.09983,1.71603,0.90374,0.82546,0.9333,0.7314,0.97168,0.91457,1.67793,0.0049114,0.0049114,0.0049114
259,2421.27,1.14284,1.09123,1.70718,0.95428,0.84394,0.94252,0.75267,0.82454,0.7523,1.5704,0.0048916,0.0048916,0.0048916
260,2430.48,1.1807,1.11869,1.80232,0.94671,0.86996,0.95663,0.7068,1.00793,0.75724,1.69597,0.0048718,0.0048718,0.0048718
261,2439.83,1.15654,1.03972,1.73942,0.94409,0.92611,0.98675,0.66677,1.16463,0.87605,1.8758,0.004852,0.004852,0.004852
262,2448.83,1.05258,0.99552,1.65149,0.92408,1,0.98675,0.69867,1.09167,0.80934,1.77403,0.0048322,0.0048322,0.0048322
263,2457.99,1.04954,0.98193,1.65773,0.95844,0.96624,0.99,0.75823,0.99072,0.74726,1.70726,0.0048124,0.0048124,0.0048124
264,2467.21,1.21561,1.18215,1.8106,0.95529,0.92445,0.98507,0.7528,0.98008,0.69203,1.71635,0.0047926,0.0047926,0.0047926
265,2476.59,1.21488,1.09298,1.7448,0.95004,0.9132,0.97601,0.74894,0.93248,0.68443,1.63546,0.0047728,0.0047728,0.0047728
266,2485.88,1.19466,1.11398,1.75723,0.98363,0.89872,0.97536,0.78428,0.83916,0.718,1.54475,0.004753,0.004753,0.004753
267,2495.19,1.0591,0.91322,1.64027,0.98488,0.88296,0.98694,0.75195,0.94917,0.75565,1.62408,0.0047332,0.0047332,0.0047332
268,2504.51,1.17245,1.0177,1.7535,0.98488,0.88296,0.98694,0.75195,0.94917,0.75565,1.62408,0.0047134,0.0047134,0.0047134
269,2513.76,1.12609,1.07013,1.64103,0.97524,0.86309,0.98008,0.67774,1.07968,0.78033,1.76082,0.0046936,0.0046936,0.0046936
270,2522.91,1.12521,1.10841,1.73487,0.9644,0.85605,0.97048,0.71655,0.99444,0.76364,1.67096,0.0046738,0.0046738,0.0046738
271,2532.21,1.13412,1.05783,1.68285,0.9278,0.92222,0.97261,0.76981,0.84727,0.6842,1.53462,0.004654,0.004654,0.004654
272,2541.5,1.1685,0.9723,1.73527,0.99009,0.89782,0.98109,0.7807,0.85028,0.69417,1.52934,0.0046342,0.0046342,0.0046342
273,2550.71,1.10776,1.093,1.63667,0.95024,0.86245,0.96981,0.79016,0.83553,0.72192,1.53198,0.0046144,0.0046144,0.0046144
274,2559.93,1.03077,0.95391,1.58287,0.91138,0.9329,0.98104,0.79848,0.78668,0.66439,1.49126,0.0045946,0.0045946,0.0045946
275,2569.09,1.06534,0.96159,1.67602,0.90356,0.95835,0.98667,0.79206,0.77922,0.63583,1.48642,0.0045748,0.0045748,0.0045748
276,2578.45,1.15348,1.0606,1.68429,0.89464,0.90826,0.9664,0.76883,0.80026,0.74826,1.49546,0.004555,0.004555,0.004555
277,2587.68,1.08664,1.0536,1.7499,0.9971,0.86414,0.95733,0.75299,0.83767,0.8264,1.53623,0.0045352,0.0045352,0.0045352
278,2596.94,1.16731,1.05268,1.75428,0.89446,0.90507,0.94458,0.72608,0.8857,0.84131,1.57189,0.0045154,0.0045154,0.0045154
279,2606.12,1.06484,1.03648,1.58125,0.89446,0.90507,0.94458,0.72608,0.8857,0.84131,1.57189,0.0044956,0.0044956,0.0044956
280,2615.5,1.00407,1.07226,1.58261,0.93762,0.93659,0.94766,0.73097,0.89105,0.7491,1.57394,0.0044758,0.0044758,0.0044758
281,2624.78,1.18195,1.08641,1.74343,0.97088,0.94291,0.96704,0.75581,0.87852,0.66688,1.56596,0.004456,0.004456,0.004456
282,2633.97,1.03555,0.95252,1.63557,0.97488,0.93774,0.96457,0.77498,0.83419,0.64008,1.52274,0.0044362,0.0044362,0.0044362
283,2643.2,1.14874,1.0833,1.75762,0.96799,0.9357,0.96611,0.7862,0.79652,0.59746,1.49341,0.0044164,0.0044164,0.0044164
284,2652.44,1.12547,1.04236,1.7089,0.96722,0.86238,0.95978,0.77749,0.81,0.66783,1.53745,0.0043966,0.0043966,0.0043966
285,2661.68,1.1339,1.00655,1.73661,0.89706,0.86125,0.9498,0.75913,0.84635,0.78618,1.5771,0.0043768,0.0043768,0.0043768
286,2670.93,1.18635,1.11842,1.75794,0.97127,0.88334,0.97132,0.80194,0.76951,0.64878,1.49197,0.004357,0.004357,0.004357
287,2680.26,1.108,1.07688,1.65864,0.94875,0.93238,0.98562,0.8091,0.75969,0.63181,1.46482,0.0043372,0.0043372,0.0043372
288,2689.47,1.08612,1.03757,1.6819,0.93835,0.97222,0.98063,0.78895,0.78914,0.65992,1.49078,0.0043174,0.0043174,0.0043174
289,2698.78,1.1184,1.08675,1.67795,0.93835,0.97222,0.98063,0.78895,0.78914,0.65992,1.49078,0.0042976,0.0042976,0.0042976
290,2708.03,1.02017,0.88337,1.56285,0.96131,0.97177,0.97529,0.76573,0.874,0.68387,1.56903,0.0042778,0.0042778,0.0042778
291,2717.32,1.14325,1.04556,1.7441,0.95487,0.96706,0.99038,0.77339,0.90998,0.66533,1.60124,0.004258,0.004258,0.004258
292,2726.52,1.18698,1.10905,1.76645,0.97435,0.94595,0.9857,0.76762,0.87869,0.70449,1.56495,0.0042382,0.0042382,0.0042382
293,2735.83,1.00339,0.89083,1.57638,0.96891,0.91754,0.98706,0.79273,0.81368,0.71185,1.50333,0.0042184,0.0042184,0.0042184
294,2745.09,1.02497,0.94933,1.60931,0.95374,0.96979,0.995,0.78942,0.81124,0.71046,1.49496,0.0041986,0.0041986,0.0041986
295,2754.31,0.98421,0.90017,1.55324,0.95271,0.98396,0.995,0.78096,0.85677,0.71596,1.52485,0.0041788,0.0041788,0.0041788
296,2763.61,1.0182,0.91494,1.65053,0.95713,0.99026,0.99313,0.785,0.82591,0.70688,1.50563,0.004159,0.004159,0.004159
297,2773.07,1.10651,1.05186,1.6408,0.95144,0.94514,0.9825,0.79164,0.7886,0.6771,1.47603,0.0041392,0.0041392,0.0041392
298,2782.27,1.04682,0.96127,1.61806,0.93556,0.93046,0.9686,0.78702,0.76624,0.6668,1.45857,0.0041194,0.0041194,0.0041194
299,2791.58,0.96261,0.95297,1.5831,0.924,0.93164,0.97973,0.7926,0.74008,0.64604,1.44081,0.0040996,0.0040996,0.0040996
300,2800.9,0.99915,0.96667,1.60611,0.924,0.93164,0.97973,0.7926,0.74008,0.64604,1.44081,0.0040798,0.0040798,0.0040798
301,2810.1,1.05964,0.94562,1.63997,0.91561,0.98276,0.98998,0.79529,0.7636,0.6052,1.44128,0.00406,0.00406,0.00406
302,2819.42,1.05531,0.98403,1.61436,0.96237,0.95925,0.99225,0.77423,0.82911,0.61732,1.48444,0.0040402,0.0040402,0.0040402
303,2828.66,1.08012,0.96848,1.73293,0.97045,0.94722,0.98773,0.75993,0.87751,0.64155,1.53539,0.0040204,0.0040204,0.0040204
304,2837.85,1.01707,0.94603,1.64492,0.9604,0.94722,0.98398,0.77996,0.851,0.64401,1.51075,0.0040006,0.0040006,0.0040006
305,2847.15,1.04706,0.93569,1.68245,0.96155,0.94115,0.98291,0.79915,0.79204,0.63481,1.45052,0.0039808,0.0039808,0.0039808
306,2856.48,1.06583,0.93133,1.65102,0.93803,0.97916,0.99225,0.8164,0.76377,0.61089,1.42739,0.003961,0.003961,0.003961
307,2865.71,1.02469,0.92261,1.61285,0.94587,0.99526,0.99225,0.82198,0.77511,0.57937,1.45517,0.0039412,0.0039412,0.0039412
308,2875.18,1.03589,0.88562,1.614,0.96125,0.96678,0.99225,0.81538,0.77668,0.58916,1.46883,0.0039214,0.0039214,0.0039214
309,2884.34,1.04514,1.01046,1.58986,0.95278,0.9611,0.98675,0.80613,0.78028,0.61269,1.48291,0.0039016,0.0039016,0.0039016
310,2893.56,1.11714,1.09032,1.64202,0.95278,0.9611,0.98675,0.80613,0.78028,0.61269,1.48291,0.0038818,0.0038818,0.0038818
311,2902.88,0.95132,0.85957,1.51842,0.96405,0.95813,0.9895,0.79883,0.76391,0.60816,1.45729,0.003862,0.003862,0.003862
312,2912.26,1.06656,0.8958,1.67795,0.99088,0.92459,0.99225,0.81991,0.75813,0.57646,1.43759,0.0038422,0.0038422,0.0038422
313,2921.69,1.02599,0.95756,1.62305,0.94939,0.97285,0.995,0.81211,0.77437,0.5848,1.44528,0.0038224,0.0038224,0.0038224
314,2930.87,1.04362,1.00397,1.56788,0.94414,1,0.995,0.80878,0.77654,0.59955,1.45581,0.0038026,0.0038026,0.0038026
315,2940.14,0.9609,0.93478,1.54086,0.94445,1,0.995,0.83371,0.74693,0.58478,1.44339,0.0037828,0.0037828,0.0037828
316,2949.41,1.07159,0.99879,1.67214,0.94054,0.95881,0.99038,0.80717,0.75388,0.61483,1.45942,0.003763,0.003763,0.003763
317,2958.68,1.05032,0.97281,1.6555,0.94412,0.96195,0.98813,0.79021,0.7863,0.60766,1.48584,0.0037432,0.0037432,0.0037432
318,2967.82,1.02614,0.87065,1.62765,0.96061,0.93161,0.98813,0.79216,0.76755,0.6042,1.47051,0.0037234,0.0037234,0.0037234
319,2977,1.02244,0.9219,1.6468,0.97984,0.91971,0.99225,0.80919,0.76341,0.59244,1.46754,0.0037036,0.0037036,0.0037036
320,2986.21,1.0228,0.91103,1.68041,0.95138,0.96312,0.99225,0.81837,0.74694,0.60047,1.45229,0.0036838,0.0036838,0.0036838
321,2995.37,1.02211,0.93541,1.5878,0.95138,0.96312,0.99225,0.81837,0.74694,0.60047,1.45229,0.003664,0.003664,0.003664
322,3004.78,1.01514,0.86476,1.59398,0.99154,0.92928,0.99225,0.8188,0.76392,0.59359,1.45123,0.0036442,0.0036442,0.0036442
323,3014.05,0.98628,0.98972,1.61309,0.97899,0.96489,0.995,0.81203,0.80553,0.60461,1.46949,0.0036244,0.0036244,0.0036244
324,3023.28,0.953,0.85912,1.52557,0.98297,0.96397,0.995,0.797,0.8292,0.60268,1.48099,0.0036046,0.0036046,0.0036046
325,3032.65,0.90016,0.80744,1.4765,0.97816,0.96307,0.995,0.80208,0.81123,0.60633,1.46128,0.0035848,0.0035848,0.0035848
326,3042.02,1.0429,1.02085,1.57915,0.97291,0.96607,0.995,0.82728,0.76865,0.61157,1.42473,0.003565,0.003565,0.003565
327,3051.22,1.03373,0.91439,1.60128,0.98152,0.96733,0.995,0.81765,0.75039,0.60317,1.41038,0.0035452,0.0035452,0.0035452
328,3060.32,1.0162,0.83651,1.64535,0.96779,0.99211,0.995,0.81975,0.73025,0.57364,1.39983,0.0035254,0.0035254,0.0035254
329,3069.72,1.00308,0.83207,1.57111,0.9546,0.97007,0.99038,0.81869,0.7377,0.60034,1.42528,0.0035056,0.0035056,0.0035056
330,3079.32,1.04884,0.91846,1.6377,0.96343,0.96375,0.99225,0.81872,0.74679,0.61537,1.43205,0.0034858,0.0034858,0.0034858
331,3088.54,1.00837,0.86226,1.51271,0.96343,0.96375,0.99225,0.81872,0.74679,0.61537,1.43205,0.003466,0.003466,0.003466
332,3097.74,0.98567,0.99055,1.5568,0.94089,0.98133,0.995,0.81813,0.7471,0.5698,1.421,0.0034462,0.0034462,0.0034462
333,3107.23,0.93281,0.85926,1.47772,0.94672,0.97654,0.99273,0.77359,0.82769,0.61444,1.49296,0.0034264,0.0034264,0.0034264
334,3116.47,1.03532,0.98936,1.5801,0.93872,0.97691,0.98591,0.76568,0.86322,0.66489,1.52617,0.0034066,0.0034066,0.0034066
335,3125.63,1.10955,1.13951,1.69158,0.92761,0.93395,0.97881,0.76452,0.87611,0.76026,1.5473,0.0033868,0.0033868,0.0033868
336,3134.84,0.92696,0.84859,1.56961,0.92605,0.98035,0.98333,0.78269,0.83348,0.73069,1.50851,0.003367,0.003367,0.003367
337,3144.27,0.96883,0.87983,1.5477,0.96933,0.99695,0.995,0.79209,0.78683,0.6488,1.45052,0.0033472,0.0033472,0.0033472
338,3153.49,0.98632,0.93358,1.50881,0.94287,1,0.995,0.80604,0.74651,0.59276,1.40392,0.0033274,0.0033274,0.0033274
339,3162.68,1.02932,0.89959,1.56652,0.99232,0.95604,0.995,0.80913,0.73172,0.58704,1.3928,0.0033076,0.0033076,0.0033076
340,3171.86,1.06434,0.95586,1.65811,0.97876,0.96374,0.995,0.81972,0.70997,0.58687,1.38354,0.0032878,0.0032878,0.0032878
341,3181.2,0.9747,0.82018,1.49861,0.92113,0.99293,0.99225,0.83158,0.70368,0.57407,1.37876,0.003268,0.003268,0.003268
342,3190.57,0.95705,0.86998,1.54972,0.92113,0.99293,0.99225,0.83158,0.70368,0.57407,1.37876,0.0032482,0.0032482,0.0032482
343,3199.76,0.95297,0.81922,1.52476,0.92548,0.97454,0.9895,0.82946,0.72902,0.56829,1.39736,0.0032284,0.0032284,0.0032284
344,3209.19,1.02937,0.84477,1.55473,0.98022,0.96595,0.995,0.81923,0.74459,0.55993,1.41499,0.0032086,0.0032086,0.0032086
345,3218.44,0.87546,0.7921,1.46667,0.95549,0.99725,0.995,0.82003,0.7457,0.55328,1.41884,0.0031888,0.0031888,0.0031888
346,3227.68,1.01708,0.95723,1.56315,0.96782,1,0.995,0.81451,0.74315,0.54481,1.42581,0.003169,0.003169,0.003169
347,3236.93,0.91145,0.86933,1.44268,0.96334,0.99202,0.99313,0.81632,0.73477,0.56416,1.41578,0.0031492,0.0031492,0.0031492
348,3246.21,1.01877,0.97684,1.59128,0.95967,0.98613,0.99313,0.8142,0.73457,0.5978,1.4031,0.0031294,0.0031294,0.0031294
349,3255.38,0.90977,0.86753,1.49366,0.95047,0.98322,0.99313,0.8354,0.72305,0.60357,1.38462,0.0031096,0.0031096,0.0031096
350,3264.71,0.98987,0.95049,1.49386,0.94324,0.9897,0.99313,0.82211,0.73027,0.57746,1.39186,0.0030898,0.0030898,0.0030898
351,3273.94,0.97358,0.9704,1.58287,0.95076,0.96487,0.99313,0.83086,0.7267,0.56113,1.39224,0.00307,0.00307,0.00307
352,3283.08,0.88908,0.83849,1.44634,0.95076,0.96487,0.99313,0.83086,0.7267,0.56113,1.39224,0.0030502,0.0030502,0.0030502
353,3292.35,0.93428,0.77203,1.49769,0.95434,0.95876,0.995,0.8354,0.69859,0.54185,1.3812,0.0030304,0.0030304,0.0030304
354,3301.46,0.92662,0.80424,1.56319,0.95444,0.95953,0.99313,0.84573,0.67507,0.55595,1.37169,0.0030106,0.0030106,0.0030106
355,3310.68,1.0672,1.00027,1.63305,0.9225,0.9598,0.9875,0.84123,0.7032,0.62616,1.39831,0.0029908,0.0029908,0.0029908
356,3319.87,0.99015,0.83561,1.55986,0.94386,0.96071,0.99125,0.84819,0.68542,0.60745,1.38286,0.002971,0.002971,0.002971
357,3329.11,0.92705,0.82195,1.42282,0.97395,0.96565,0.99273,0.84628,0.65546,0.5526,1.34872,0.0029512,0.0029512,0.0029512
358,3338.27,0.93626,0.80476,1.5099,0.93121,0.97134,0.98536,0.82401,0.70447,0.56713,1.37457,0.0029314,0.0029314,0.0029314
359,3347.33,0.92148,0.82175,1.55535,0.9714,0.97268,0.98786,0.82317,0.7342,0.60908,1.40212,0.0029116,0.0029116,0.0029116
360,3356.75,0.93837,0.83741,1.49403,0.94624,0.96036,0.99083,0.81319,0.74091,0.62636,1.40691,0.0028918,0.0028918,0.0028918
361,3365.98,0.98309,0.92497,1.57908,0.98605,0.96523,0.995,0.81673,0.72222,0.57427,1.39375,0.002872,0.002872,0.002872
362,3375.3,0.96311,0.88841,1.50718,0.96866,0.97264,0.995,0.81992,0.72544,0.53229,1.39627,0.0028522,0.0028522,0.0028522
363,3384.53,0.87488,0.7875,1.42875,0.96866,0.97264,0.995,0.81992,0.72544,0.53229,1.39627,0.0028324,0.0028324,0.0028324
364,3393.66,1.01612,0.88522,1.56167,0.95491,0.99235,0.995,0.82311,0.72439,0.54186,1.39393,0.0028126,0.0028126,0.0028126
365,3403.05,0.88467,0.78177,1.47175,0.95312,0.93804,0.98813,0.80453,0.72917,0.56265,1.40631,0.0027928,0.0027928,0.0027928
366,3412.27,0.8977,0.83034,1.47218,0.94832,0.94277,0.98813,0.79865,0.71584,0.56067,1.3876,0.002773,0.002773,0.002773
367,3421.48,0.9921,0.94337,1.57744,0.95786,0.93707,0.99,0.79566,0.71002,0.55439,1.37918,0.0027532,0.0027532,0.0027532
368,3430.8,0.90684,0.87131,1.43841,0.95759,0.99164,0.995,0.81347,0.68761,0.54066,1.35389,0.0027334,0.0027334,0.0027334
369,3440.1,0.88821,0.75894,1.42441,0.98011,0.9939,0.995,0.8384,0.68885,0.54216,1.35369,0.0027136,0.0027136,0.0027136
370,3449.32,0.91801,0.84427,1.46536,0.9868,0.99201,0.995,0.82632,0.71088,0.57001,1.3772,0.0026938,0.0026938,0.0026938
371,3458.53,0.84257,0.77627,1.44236,0.95762,1,0.99273,0.82146,0.72356,0.5653,1.38341,0.002674,0.002674,0.002674
372,3467.89,0.92918,0.85516,1.46717,0.98568,0.99696,0.995,0.83376,0.7119,0.5236,1.36946,0.0026542,0.0026542,0.0026542
373,3477.16,0.85672,0.76602,1.3968,0.98568,0.99696,0.995,0.83376,0.7119,0.5236,1.36946,0.0026344,0.0026344,0.0026344
374,3486.57,0.83212,0.69932,1.46559,0.97696,0.99472,0.995,0.83776,0.70152,0.52409,1.35659,0.0026146,0.0026146,0.0026146
375,3495.82,0.89908,0.81774,1.43875,0.97748,0.98936,0.995,0.84034,0.68873,0.52707,1.34072,0.0025948,0.0025948,0.0025948
376,3505.01,0.86475,0.74527,1.43221,0.9775,0.98552,0.995,0.85561,0.65607,0.5248,1.31328,0.002575,0.002575,0.002575
377,3514.21,0.85772,0.7665,1.51212,0.97854,0.95319,0.99225,0.86278,0.63479,0.50791,1.30642,0.0025552,0.0025552,0.0025552
378,3523.52,0.92655,0.86623,1.49997,0.98618,0.93504,0.99225,0.85754,0.64235,0.50953,1.31809,0.0025354,0.0025354,0.0025354
379,3532.68,0.88686,0.82022,1.46737,0.98752,0.92644,0.99225,0.84651,0.65777,0.51856,1.33874,0.0025156,0.0025156,0.0025156
380,3541.99,0.94242,0.77369,1.58411,0.97382,0.96516,0.995,0.85571,0.64818,0.50246,1.32372,0.0024958,0.0024958,0.0024958
381,3551.19,0.8844,0.82557,1.45382,0.98603,0.96429,0.995,0.84639,0.65755,0.49972,1.31365,0.002476,0.002476,0.002476
382,3560.39,0.90573,0.7889,1.57607,0.97786,0.98353,0.995,0.84957,0.67034,0.50724,1.31263,0.0024562,0.0024562,0.0024562
383,3569.59,0.86044,0.77686,1.46526,0.98675,0.97744,0.995,0.83948,0.66943,0.51446,1.31113,0.0024364,0.0024364,0.0024364
384,3578.82,0.88481,0.77053,1.50836,0.98675,0.97744,0.995,0.83948,0.66943,0.51446,1.31113,0.0024166,0.0024166,0.0024166
385,3588.02,0.8755,0.76131,1.38173,0.9877,0.97734,0.995,0.83044,0.68491,0.52159,1.3267,0.0023968,0.0023968,0.0023968
386,3597.28,1.01403,0.86938,1.54083,0.98142,0.9721,0.995,0.8302,0.6865,0.52425,1.3311,0.002377,0.002377,0.002377
387,3606.49,0.8439,0.69628,1.42854,0.97474,0.97717,0.995,0.83786,0.67054,0.52166,1.31926,0.0023572,0.0023572,0.0023572
388,3615.67,0.83319,0.73216,1.38819,0.97273,0.97741,0.995,0.84539,0.64262,0.50498,1.29988,0.0023374,0.0023374,0.0023374
389,3624.92,0.92769,0.82192,1.5393,0.97299,0.9724,0.995,0.84323,0.65596,0.49031,1.30795,0.0023176,0.0023176,0.0023176
390,3634.12,0.90645,0.80126,1.45652,0.97428,0.96327,0.995,0.84092,0.67511,0.49743,1.3212,0.0022978,0.0022978,0.0022978
391,3643.38,0.94242,0.83884,1.5105,0.97699,0.96325,0.995,0.84776,0.65198,0.50598,1.29661,0.002278,0.002278,0.002278
392,3652.59,0.87762,0.83622,1.47332,0.97958,0.96059,0.995,0.85769,0.62705,0.50152,1.28745,0.0022582,0.0022582,0.0022582
393,3661.83,0.8847,0.87827,1.51024,0.97673,0.96459,0.995,0.85767,0.63157,0.48808,1.30047,0.0022384,0.0022384,0.0022384
394,3671.06,0.87657,0.78338,1.42424,0.97673,0.96459,0.995,0.85767,0.63157,0.48808,1.30047,0.0022186,0.0022186,0.0022186
395,3680.38,0.89865,0.7094,1.46863,0.96606,0.98215,0.995,0.84533,0.6669,0.50959,1.33371,0.0021988,0.0021988,0.0021988
396,3689.73,0.92985,0.81894,1.50914,0.96014,0.99216,0.995,0.85304,0.6582,0.51087,1.32828,0.002179,0.002179,0.002179
397,3699.07,0.90419,0.8259,1.47763,0.98129,0.95073,0.99225,0.8511,0.65177,0.51458,1.32311,0.0021592,0.0021592,0.0021592
398,3708.44,0.9319,0.82817,1.50081,0.97652,0.98492,0.995,0.84998,0.66731,0.5163,1.33719,0.0021394,0.0021394,0.0021394
399,3717.78,0.94482,0.83625,1.46949,0.98311,0.99101,0.995,0.83504,0.69095,0.51087,1.35568,0.0021196,0.0021196,0.0021196
400,3727.09,0.88893,0.79077,1.44094,0.98337,0.9965,0.995,0.84153,0.67951,0.50806,1.33724,0.0020998,0.0020998,0.0020998
401,3736.48,0.87316,0.78465,1.41127,0.97941,0.99117,0.995,0.85206,0.64648,0.51633,1.30448,0.00208,0.00208,0.00208
402,3745.73,0.85929,0.76415,1.44642,0.9704,0.98649,0.995,0.85234,0.64391,0.54034,1.30558,0.0020602,0.0020602,0.0020602
403,3754.88,0.82444,0.76303,1.36539,0.97106,0.98768,0.995,0.83534,0.6828,0.58022,1.34465,0.0020404,0.0020404,0.0020404
404,3764.3,0.91812,0.77368,1.52582,0.98464,0.98937,0.995,0.82608,0.68996,0.57625,1.34846,0.0020206,0.0020206,0.0020206
405,3773.65,0.96489,0.87777,1.51317,0.98464,0.98937,0.995,0.82608,0.68996,0.57625,1.34846,0.0020008,0.0020008,0.0020008
406,3782.86,0.9422,0.86683,1.52858,0.98952,1,0.995,0.83075,0.66615,0.52307,1.32292,0.001981,0.001981,0.001981
407,3791.98,0.92528,0.84822,1.51109,0.97729,1,0.995,0.83852,0.65227,0.49505,1.29478,0.0019612,0.0019612,0.0019612
408,3801.3,0.85486,0.73971,1.4577,0.95403,1,0.995,0.81818,0.66021,0.50425,1.30498,0.0019414,0.0019414,0.0019414
409,3810.67,0.91658,0.81792,1.44236,0.94043,0.96536,0.99225,0.79871,0.69566,0.53496,1.34674,0.0019216,0.0019216,0.0019216
410,3820,0.96705,0.89012,1.51012,0.93157,0.96836,0.98813,0.79145,0.71243,0.56106,1.37339,0.0019018,0.0019018,0.0019018
411,3829.27,0.91538,0.85698,1.48987,0.93078,0.992,0.995,0.80931,0.706,0.53789,1.36476,0.001882,0.001882,0.001882
412,3838.55,0.90795,0.84723,1.44574,0.96973,0.96352,0.995,0.8239,0.68779,0.51817,1.34124,0.0018622,0.0018622,0.0018622
413,3847.75,0.91208,0.85107,1.4601,0.98242,0.95755,0.995,0.82125,0.67615,0.50459,1.32688,0.0018424,0.0018424,0.0018424
414,3856.89,0.88698,0.78652,1.4397,0.9897,0.95732,0.995,0.82919,0.68398,0.50096,1.33298,0.0018226,0.0018226,0.0018226
415,3866.12,0.95792,0.91138,1.52861,0.9897,0.95732,0.995,0.82919,0.68398,0.50096,1.33298,0.0018028,0.0018028,0.0018028
416,3875.27,0.8737,0.88071,1.46515,0.99324,0.96737,0.99273,0.82103,0.71299,0.5307,1.36001,0.001783,0.001783,0.001783
417,3884.61,0.86869,0.73526,1.47173,0.94636,0.98349,0.99045,0.80619,0.74014,0.57499,1.38412,0.0017632,0.0017632,0.0017632
418,3893.8,0.9505,0.88274,1.52997,0.9461,0.98211,0.99273,0.81609,0.73209,0.54647,1.37242,0.0017434,0.0017434,0.0017434
419,3903,0.83254,0.7531,1.37589,0.98289,0.96457,0.99273,0.82129,0.69651,0.51479,1.33602,0.0017236,0.0017236,0.0017236
420,3912.26,0.80281,0.7537,1.42829,0.98042,0.97044,0.995,0.85256,0.66618,0.50834,1.30844,0.0017038,0.0017038,0.0017038
421,3921.41,0.83706,0.70399,1.41553,0.956,0.97526,0.995,0.839,0.63829,0.51786,1.29076,0.001684,0.001684,0.001684
422,3930.53,0.89238,0.85254,1.39946,0.96731,0.92899,0.9825,0.84188,0.63119,0.54519,1.28986,0.0016642,0.0016642,0.0016642
423,3939.79,1.02074,0.99212,1.52564,0.95578,0.92572,0.97393,0.82104,0.65126,0.56056,1.31007,0.0016444,0.0016444,0.0016444
424,3949.03,0.92594,0.7907,1.46749,0.96713,0.91446,0.97081,0.80664,0.67149,0.57531,1.32848,0.0016246,0.0016246,0.0016246
425,3958.25,0.9086,0.82554,1.50753,0.96287,0.92767,0.97359,0.81873,0.67307,0.56721,1.32898,0.0016048,0.0016048,0.0016048
426,3967.43,0.89453,0.87904,1.42234,0.96287,0.92767,0.97359,0.81873,0.67307,0.56721,1.32898,0.001585,0.001585,0.001585
427,3976.67,0.82112,0.7025,1.38245,0.96496,0.92217,0.98018,0.83645,0.6746,0.54967,1.3289,0.0015652,0.0015652,0.0015652
428,3985.85,0.88955,0.78307,1.4792,0.95966,0.92579,0.98466,0.84016,0.64334,0.53169,1.30248,0.0015454,0.0015454,0.0015454
429,3995.15,0.90314,0.83632,1.48092,0.9831,0.92309,0.99225,0.85737,0.62649,0.51014,1.28205,0.0015256,0.0015256,0.0015256
430,4004.4,0.83398,0.70514,1.36177,0.96506,0.99075,0.995,0.8487,0.63002,0.50023,1.27815,0.0015058,0.0015058,0.0015058
431,4013.72,0.85682,0.72498,1.42204,0.98033,0.99902,0.995,0.84089,0.65303,0.50496,1.29532,0.001486,0.001486,0.001486
432,4023.04,0.91209,0.8732,1.44385,0.98324,0.9975,0.995,0.83578,0.67812,0.50698,1.3177,0.0014662,0.0014662,0.0014662
433,4032.23,0.85817,0.7711,1.41387,0.98435,0.99721,0.995,0.83743,0.67643,0.50076,1.31644,0.0014464,0.0014464,0.0014464
434,4041.36,0.84403,0.73997,1.38497,0.9836,0.99545,0.995,0.83968,0.665,0.48351,1.30655,0.0014266,0.0014266,0.0014266
435,4050.51,0.84553,0.76519,1.42526,0.98162,0.99455,0.995,0.84299,0.64632,0.47272,1.29091,0.0014068,0.0014068,0.0014068
436,4059.62,0.88853,0.76762,1.48372,0.98162,0.99455,0.995,0.84299,0.64632,0.47272,1.29091,0.001387,0.001387,0.001387
437,4068.87,0.78397,0.64135,1.39383,0.97463,0.99807,0.995,0.85331,0.62531,0.46808,1.27334,0.0013672,0.0013672,0.0013672
